,preciptation_9,temperature_9,humidity_9,preciptation_10,temperature_10,humidity_10,preciptation_11,temperature_11,humidity_11,preciptation_12,temperature_12,humidity_12,preciptation_13,temperature_13,humidity_13,preciptation_14,temperature_14,humidity_14,preciptation_15,temperature_15,humidity_15,preciptation_16,temperature_16,humidity_16,search_trends_1,search_trends_2,search_trends_3,search_trends_4,total,week_start_date
17,57.69,25.334285714279996,76.41299999997999,57.69,25.2935064935,76.2527272727091,57.69,25.26785714285,76.27523809522499,57.69,25.218681318676925,76.20967032966152,57.69,25.1693877551,76.3564285714214,93.76,25.114285714286666,76.52885714285334,93.76,25.068749999999998,76.28187499999373,130.11,25.17561894117647,76.3413471764647,0,0,0,0,10,2004-04-29
18,132.97,25.429999999990002,76.89414285713,132.97,25.409090909081815,76.61207792206363,132.97,25.365476190466666,76.44857142855834,132.97,25.336263736253844,76.45428571427692,132.97,25.285714285707144,76.38061224489284,132.97,25.235238095233335,76.50619047618666,169.04000000000002,25.1794642857125,76.65848214285626,169.04000000000002,25.132773109241175,76.41840336134116,0,0,0,0,7,2004-05-06
19,142.54,25.63857142856,76.52999999999,142.54,25.50649350648182,76.75701298700001,142.54,25.480952380941662,76.50988095236666,142.54,25.435164835153845,76.3668131868,142.54,25.40306122447857,76.37795918366429,142.54,25.35142857142,76.31428571427999,142.54,25.29999999999375,76.43616071428124,178.61,25.243697478988235,76.58361344537649,28,28,28,28,5,2004-05-13
20,158.32,25.795714285709998,76.92499999998999,158.32,25.737662337654545,77.00103896102728,158.32,25.608333333325003,77.16988095236668,158.32,25.57692307691538,76.9099999999846,158.32,25.5275510204,76.74857142855714,158.32,25.49142857142,76.73352380951334,158.32,25.43749999999375,76.65160714285,158.32,25.384033613441176,76.74647058822941,28,28,28,28,3,2004-05-20
21,255.31,25.857142857139998,78.07771428571,255.31,25.818181818181817,77.55298701298182,255.31,25.763095238091665,77.57035714285,255.31,25.64175824175385,77.68241758240771,255.31,25.61020408162857,77.40448979590714,255.31,25.5619047619,77.22085714284665,255.31,25.5258928571375,77.17723214285,255.31,25.473109243694118,77.07403361344117,0,28,28,28,12,2004-05-27
22,430.72,25.74714285714,78.578,430.72,25.76233766233636,78.5751948051909,430.72,25.734523809525,78.05273809523332,430.72,25.690109890107692,78.03032967032308,430.72,25.582653061221432,78.10153061223572,430.72,25.557142857139997,77.81419047618,430.72,25.515178571425,77.61642857141874,430.72,25.484033613441177,77.55210084032942,0,0,28,28,13,2004-06-03
23,444.23,25.987142857139997,78.98228571428999,444.23,25.948051948045453,78.7903896103909,444.23,25.945238095233332,78.77011904761666,444.23,25.905494505492307,78.27285714285384,444.23,25.852040816321427,78.23632653060714,444.23,25.74095238094667,78.28904761904,444.23,25.707142857137498,78.00794642856249,444.23,25.658823529405883,77.81042016805881,33,33,33,61,10,2004-06-10
24,422.0,26.321428571429998,78.96342857143,450.35,26.17402597402727,79.09090909090908,450.35,26.122619047616666,78.90595238095,450.35,26.106593406592307,78.87835164834615,450.35,26.058163265307144,78.40887755101429,450.35,25.998095238093335,78.36571428570667,450.35,25.884821428568753,78.40705357141876,450.35,25.844537815123527,78.13554621847646,33,33,33,33,13,2004-06-17
25,435.07,26.614285714290002,79.475,435.07,26.5038961039,79.19961038960909,463.42,26.353571428575,79.29678571428333,463.42,26.292307692307695,79.11021978021539,463.42,26.26530612245,79.06999999999286,463.42,26.20952380952667,78.61904761904,463.42,26.14375,78.56544642856251,463.42,26.02857142857059,78.59260504200589,0,33,33,33,13,2004-06-24
26,470.73,26.84142857144,79.59871428570999,476.48,26.761038961045458,79.36792207791818,476.48,26.647619047625,79.1244047619,504.83000000000004,26.49780219780769,79.21989010988462,504.83000000000004,26.4306122449,79.0521428571357,504.83000000000004,26.396190476193333,79.01847619046666,504.83000000000004,26.33571428571875,78.59892857141875,504.83000000000004,26.26638655462353,78.54966386553531,0,0,33,33,8,2004-07-01
27,475.51,27.09142857144,80.25142857141999,499.1,26.977922077936366,79.49714285713635,504.85,26.89285714286667,79.29404761904166,504.85,26.778021978030772,79.07494505493847,533.2,26.629591836742858,79.16714285713572,533.2,26.5580952381,79.01409523808667,533.2,26.5178571428625,78.984910714275,533.2,26.453781512611766,78.59201680671177,0,0,0,33,21,2004-07-08
28,439.28000000000003,27.25857142859,80.30928571426999,514.56,27.158441558454548,80.15415584414545,538.15,27.048809523825003,79.47083333332499,543.9,26.964835164846157,79.28538461537693,543.9,26.853061224500003,79.0825510204,572.25,26.709523809533334,79.16809523808666,572.25,26.637500000006252,79.02455357141875,572.25,26.5949579832,78.99647058822353,0,0,0,0,18,2004-07-15
29,488.85999999999996,27.455714285739997,80.77028571427,498.43,27.348051948072726,80.28077922076363,573.7099999999999,27.248809523825003,80.14095238094167,597.3,27.140659340676926,79.5112087912,603.05,27.05612244899286,79.33612244897142,603.05,26.94571428572667,79.14342857141999,631.4,26.80535714286875,79.2198214285625,631.4,26.73193277311765,79.08168067225881,0,0,0,0,8,2004-07-22
30,496.82,27.58428571431,80.34899999999001,512.5999999999999,27.50649350651818,80.47285714284546,522.17,27.403571428591665,80.04892857141667,597.4499999999999,27.307692307707693,79.93769230768461,621.04,27.203061224507145,79.3674489795857,626.79,27.120000000013338,79.21361904761332,626.79,27.0125000000125,79.04062499999374,655.14,26.87647058824706,79.11857142856469,0,0,0,0,7,2004-07-29
31,440.69,27.78428571431,80.14642857141,537.68,27.625974025999998,80.48155844154546,553.4599999999999,27.551190476216664,80.58404761903334,563.03,27.452747252769232,80.18417582416154,638.31,27.360204081650004,80.0712244897857,661.9,27.25904761906667,79.53009523808666,667.65,27.177678571443753,79.37571428570624,667.65,27.073109243711766,79.2033613445294,0,0,0,0,20,2004-08-05
32,301.27000000000004,28.155714285739997,79.69399999998001,476.68,27.851948051972727,80.04454545452728,573.67,27.701190476216667,80.360238095225,589.4499999999999,27.6263736264,80.46417582416153,599.02,27.52959183675714,80.10142857141429,674.3,27.438095238113338,80.00152380951333,697.89,27.338392857162503,79.49857142856249,703.64,27.257142857158826,79.35512605041174,0,0,0,0,14,2004-08-12
33,308.68,28.25428571432,79.21971428569,322.19000000000005,28.227272727299997,79.37376623374547,497.6,27.94285714288333,79.72178571426667,594.5899999999999,27.79670329673077,80.03802197800769,610.3699999999999,27.720408163292856,80.15755102039284,619.9399999999999,27.623809523833334,79.83942857141332,695.2199999999999,27.5321428571625,79.76214285713124,718.81,27.43277310926471,79.30285714284705,0,0,0,0,14,2004-08-19
34,339.86,28.35000000003,79.32842857141,345.98,28.32207792210909,79.40558441556364,359.49000000000007,28.291666666691665,79.53130952379168,534.9,28.024175824199997,79.84043956042309,631.8899999999999,27.88265306125,80.12561224488572,647.6699999999998,27.80571428574,80.23133333332,657.2399999999999,27.70982142859375,79.92848214284375,732.5199999999999,27.618487394976473,79.85050420167057,25,25,25,25,7,2004-08-26
35,347.09000000000003,28.42285714288,79.14071428570001,360.16,28.414285714309095,79.36077922076363,366.28000000000003,28.383333333358337,79.42880952379167,379.7900000000001,28.35054945056923,79.54307692306155,555.1999999999999,28.097959183692858,79.82928571427144,652.1899999999998,27.960952380973332,80.09619047618,667.9699999999998,27.88392857145,80.19714285713124,677.5399999999998,27.789075630270588,79.91411764704705,49,49,49,49,14,2004-09-02
36,368.2900000000001,28.461428571450007,78.98214285713,409.70000000000005,28.44025974028182,78.91987012985456,422.77000000000004,28.430952380975004,79.13999999998333,428.89000000000004,28.40109890112308,79.21978021976155,442.4000000000001,28.36938775512143,79.34081632651429,617.81,28.132380952400002,79.62142857141335,714.7999999999998,28.00178571430625,79.88464285713124,730.5799999999998,27.92689075632353,79.99210084032353,24,49,49,49,10,2004-09-09
37,382.43,28.525714285730004,79.12057142856,410.80000000000007,28.509090909109094,79.06246753245455,452.21000000000004,28.485714285733337,78.99869047617501,465.28000000000003,28.47362637364616,79.1958241758077,471.40000000000003,28.442857142878577,79.26591836732858,484.9100000000001,28.410476190493334,79.37580952379334,660.3199999999999,28.18571428573125,79.63669642855626,757.3099999999998,28.05966386556471,79.88352941175293,0,24,49,49,13,2004-09-16
38,395.6700000000001,28.60714285716,79.20571428571,434.72,28.536363636381825,79.20350649349999,463.0900000000001,28.52023809525834,79.143333333325,504.50000000000006,28.497802197823077,79.07824175823079,517.57,28.48571428573572,79.25561224488571,523.69,28.456190476213337,79.31704761903333,537.2,28.42500000001875,79.4168749999875,712.6099999999999,28.212605042035293,79.65999999998824,0,0,24,49,27,2004-09-23
39,582.25,28.50571428573,79.73914285714001,641.4000000000001,28.481818181836363,79.76246753246363,680.45,28.427380952400004,79.71404761904166,708.82,28.420879120900004,79.61923076922307,750.23,28.407142857164285,79.52479591835716,763.3000000000001,28.401904761926673,79.66057142855999,769.4200000000001,28.3794642857375,79.69285714284375,782.9300000000001,28.35462184875882,79.76470588234118,23,23,23,47,13,2004-09-30
40,568.5699999999999,28.618571428589995,79.63642857142,592.31,28.56363636365455,79.44207792207273,651.46,28.536904761925,79.48821428570834,690.51,28.48241758243847,79.46461538460768,718.88,28.472448979614292,79.39438775509286,760.29,28.456190476213337,79.32123809522666,773.36,28.448214285737507,79.4612499999875,779.48,28.42436974792353,79.50336134452354,46,46,46,46,18,2004-10-07
41,562.4399999999999,28.642857142870003,79.30342857142001,603.3,28.58831168832727,79.53103896102726,627.04,28.54047619049167,79.36166666665834,686.19,28.517582417600003,79.41043956043077,725.24,28.468367346957148,79.39408163264285,753.61,28.460000000020006,79.33323809522668,795.02,28.445535714306253,79.26848214284375,808.09,28.43865546220589,79.40336134452353,23,46,46,46,16,2004-10-14
42,609.65,28.60285714287,79.46742857142002,645.64,28.596103896118187,79.42727272726364,686.5,28.550000000016666,79.62559523808333,710.24,28.508791208807697,79.46197802196924,769.3900000000001,28.489795918385717,79.50010204080715,808.44,28.44571428573334,79.47885714284666,836.8100000000001,28.43928571430626,79.41651785713125,878.22,28.426890756323534,79.35067226889412,23,46,69,69,16,2004-10-21
43,599.5500000000001,28.537142857150002,79.54257142857,620.47,28.574025974036363,79.23610389610002,656.46,28.570238095250005,79.21857142856668,697.32,28.529670329684617,79.41769230768462,721.0600000000001,28.492857142871433,79.28061224489286,780.2100000000002,28.47619047620667,79.32828571428,819.2600000000001,28.435714285731258,79.31910714285,847.6300000000001,28.430252100858834,79.26983193276472,23,23,46,69,20,2004-10-28
44,658.97,28.387142857150003,79.48171428571,696.2700000000001,28.442857142863637,79.64376623376364,717.19,28.484523809533332,79.35440476190001,753.1800000000001,28.487912087923082,79.3291208791154,794.0400000000001,28.456122448992858,79.50612244897142,817.7800000000001,28.426666666680003,79.37228571428001,876.9300000000002,28.415178571443754,79.41124999999376,915.9800000000001,28.380672268923536,79.39773109242941,0,23,23,46,17,2004-11-04
45,744.1600000000001,28.18714285715,79.26657142857,764.46,28.26623376623637,79.30454545454545,801.7600000000001,28.327380952383336,79.46785714285834,822.6800000000001,28.37472527473077,79.21428571428463,858.6700000000001,28.385714285721434,79.20081632652857,899.5300000000001,28.36285714286667,79.37457142856667,923.2700000000001,28.341071428581255,79.25732142856876,982.4200000000002,28.33529411765883,79.30075630251766,0,0,23,23,4,2004-11-11
46,700.3,28.050000000009998,79.32657142856999,762.9100000000001,28.10129870130909,79.08883116882727,783.21,28.180952380958335,79.13845238095,820.5100000000001,28.24395604396154,79.30197802197692,841.4300000000001,28.293877551028572,79.07836734693572,877.4200000000001,28.30952380953334,79.07485714285333,918.2800000000001,28.29285714286875,79.24562499999375,942.0200000000001,28.276470588247065,79.14285714285295,24,24,24,47,15,2004-11-18
47,780.66,27.7842857143,79.70285714286,823.17,27.89350649351818,79.71766233766363,885.7800000000001,27.953571428583334,79.46714285714167,906.08,28.038461538469235,79.48384615384614,943.3800000000001,28.107142857150002,79.6110204081643,964.3000000000001,28.162857142866667,79.38171428571334,1000.2900000000001,28.185714285725005,79.3594642857125,1041.15,28.177310924382354,79.50344537814706,24,24,24,24,8,2004-11-25
48,746.74,27.55285714287,79.12985714286,799.03,27.65194805196364,79.21194805195455,841.54,27.763095238108335,79.26642857143332,904.1500000000001,27.828571428584617,79.06989010989231,924.45,27.916326530621433,79.11377551020713,961.7500000000001,27.988571428580006,79.25714285714666,982.6700000000001,28.048214285725003,79.06428571428751,1018.6600000000001,28.076470588247066,79.06201680672353,0,24,24,24,6,2004-12-02
49,501.01,27.394285714299997,77.97257142856999,746.74,27.379220779236366,78.64142857142728,799.03,27.484523809541667,78.75738095238334,841.54,27.60000000001539,78.84263736263846,904.1500000000001,27.672448979607143,78.69040816326428,924.45,27.76476190477334,78.75666666666666,961.7500000000001,27.841964285725005,78.91339285714375,982.6700000000001,27.906722689088237,78.7521008403353,0,0,24,24,12,2004-12-09
50,490.95,26.995714285720005,77.75800000000001,501.01,27.19090909091818,77.64103896103636,746.74,27.194047619058335,78.28178571428334,799.03,27.30549450550769,78.41648351648462,841.54,27.42551020409286,78.52,904.1500000000001,27.504761904773332,78.39942857142667,924.45,27.601785714293754,78.47973214285625,961.7500000000001,27.684033613452947,78.6435294117647,0,0,0,24,15,2004-12-16
51,461.76000000000005,26.794285714290005,77.99914285715,496.49,26.929870129872732,78.04259740260001,506.55,27.114285714291665,77.91166666666666,752.28,27.123076923084618,78.4823076923077,804.5699999999999,27.231632653071426,78.59306122449286,847.0799999999999,27.34857142858,78.67790476190666,909.69,27.4276785714375,78.555,929.99,27.523529411770593,78.62142857142942,0,0,0,0,11,2004-12-23
52,528.87,26.60571428572,78.32785714287,612.07,26.74415584416364,78.5403896104,646.8,26.872619047625005,78.535119047625,656.86,27.047252747261535,78.37637362637692,902.5899999999999,27.06020408164286,78.87306122449286,954.8799999999999,27.165714285726665,78.95038095238667,997.3899999999999,27.279464285725002,79.00758928571875,1060.0,27.357983193288234,78.8725210084059,35,35,35,35,15,2005-01-08
53,518.05,26.275714285720007,78.11342857144001,528.87,26.458441558445454,78.0051948052091,612.07,26.597619047625003,78.22690476191667,646.8,26.727472527476927,78.24615384616155,656.86,26.90000000000714,78.11938775510714,902.5899999999999,26.921904761913332,78.60009523810001,954.8799999999999,27.029464285725,78.68964285715,997.3899999999999,27.144537815135294,78.75882352941765,35,35,35,35,17,2005-01-15
54,421.33000000000004,26.045714285720003,77.92771428572999,518.05,26.177922077927278,78.17571428572728,528.87,26.353571428575,78.07130952382501,612.07,26.490109890115384,78.27087912089232,646.8,26.618367346942858,78.28561224490716,656.86,26.78666666667333,78.16466666667334,902.5899999999999,26.81428571429375,78.61250000000626,954.8799999999999,26.92184873950588,78.69605042017648,0,35,35,35,7,2005-01-22
55,330.51000000000005,25.862857142870002,78.48000000001,436.00000000000006,25.971428571436366,78.39389610390909,532.7199999999999,26.09880952381667,78.58238095239167,543.54,26.26703296703846,78.45472527473846,626.74,26.400000000007143,78.61265306123572,661.4699999999999,26.525714285720003,78.60361904762667,671.53,26.689285714293746,78.4703571428625,917.2599999999999,26.721008403370586,78.87386554622356,0,0,35,35,7,2005-01-29
56,326.96000000000004,25.514285714289997,78.60271428573,345.71000000000004,25.671428571436365,78.48532467533636,451.20000000000005,25.786904761908335,78.40595238096667,547.92,25.91868131868462,78.57901098902309,558.74,26.087755102042856,78.46071428572857,641.94,26.223809523813333,78.60771428572667,676.67,26.35267857143125,78.5995535714375,686.73,26.516806722694113,78.47436974790587,21,21,21,56,8,2005-02-05
57,204.08999999999997,25.252857142859998,78.10385714287,326.96000000000004,25.350649350654543,78.60610389611817,345.71000000000004,25.508333333341668,78.498214285725,451.20000000000005,25.627472527476925,78.42395604396923,547.92,25.761224489800004,78.58336734695001,558.74,25.929523809526664,78.47266666668,641.94,26.06696428571875,78.60973214286876,676.67,26.1974789916,78.60193277311765,21,21,21,21,9,2005-02-12
58,185.71999999999997,24.951428571429993,77.75314285715,204.08999999999997,25.076623376627268,77.4394805194909,326.96000000000004,25.18095238095833,77.95523809525,345.71000000000004,25.339560439569233,77.90571428572308,451.20000000000005,25.46224489796429,77.87908163266427,547.92,25.598095238100004,78.06419047620003,558.74,25.766071428575,77.99285714286876,641.94,25.905042016811766,78.15008403362356,0,21,21,21,12,2005-02-19
59,185.71999999999997,24.72857142857,77.60200000001001,185.71999999999997,24.8116883116909,77.25246753247274,204.08999999999997,24.938095238099994,77.006666666675,326.96000000000004,25.045054945061533,77.51604395605385,345.71000000000004,25.202040816335714,77.50142857143571,451.20000000000005,25.32571428572,77.50352380953332,547.92,25.4616071428625,77.70053571429376,558.74,25.627731092441174,77.65478991597648,0,0,21,21,12,2005-02-26
60,185.71999999999997,24.66142857143,77.58857142858001,185.71999999999997,24.70649350649091,77.29194805195455,185.71999999999997,24.784523809524995,76.99738095238334,204.08999999999997,24.903296703299993,76.79010989011539,326.96000000000004,25.005102040821424,77.27857142857856,345.71000000000004,25.154285714293334,77.28076190476666,451.20000000000005,25.27321428571875,77.29651785714998,547.92,25.404201680676472,77.49411764706471,21,21,21,42,5,2005-03-05
61,180.17999999999998,24.53714285715,77.36642857143,185.71999999999997,24.69480519480909,77.68662337662728,185.71999999999997,24.733333333333334,77.40654761905,185.71999999999997,24.803296703299996,77.12582417582308,204.08999999999997,24.912244897964282,76.92418367347143,326.96000000000004,25.00666666667333,77.37114285714667,345.71000000000004,25.1464285714375,77.3674107142875,451.20000000000005,25.258823529417647,77.37714285714705,21,21,21,21,4,2005-03-12
62,33.8,24.51428571429,76.71042857143,184.10999999999999,24.671428571436362,77.36883116883637,189.64999999999998,24.804761904766664,77.66214285715,189.64999999999998,24.831868131869232,77.4054945055,189.64999999999998,24.889795918371423,77.14489795918573,208.01999999999998,24.985714285719997,76.95542857143333,330.89000000000004,25.069642857149997,77.37250000000626,349.64000000000004,25.197478991605884,77.36890756302942,19,40,40,40,11,2005-03-19
63,33.8,24.60000000001,76.59114285713999,33.8,24.635064935072727,76.42636363636363,184.10999999999999,24.76904761905833,77.053571428575,189.64999999999998,24.884615384623075,77.34857142857692,189.64999999999998,24.904081632657146,77.13265306122857,189.64999999999998,24.953333333339994,76.90761904762002,208.01999999999998,25.039285714293747,76.74482142857501,330.89000000000004,25.11512605042941,77.14974789916471,19,19,40,40,4,2005-03-26
64,33.8,24.720000000009996,76.09799999999,33.8,24.76363636364545,76.34350649349999,33.8,24.782142857149996,76.21309523809167,184.10999999999999,24.894505494515382,76.80846153846154,189.64999999999998,24.992857142864285,77.09989795918571,189.64999999999998,25.003809523813334,76.91495238095332,189.64999999999998,25.043750000006245,76.7175892857125,208.01999999999998,25.119327731099997,76.57554621848824,0,19,19,40,5,2005-04-02
65,19.13,24.945714285719998,75.36614285713,33.8,24.971428571436363,76.06519480518182,33.8,24.99047619048333,76.29297619046666,33.8,24.99010989011538,76.17648351647692,184.10999999999999,25.079591836742853,76.73193877550715,189.64999999999998,25.159047619053332,77.00904761904667,189.64999999999998,25.15892857143125,76.8413392857125,189.64999999999998,25.187394957988232,76.65991596638236,0,0,19,19,7,2005-04-09
66,17.37,25.300000000009998,75.31257142856,32.57,25.159740259745455,75.60584415583637,47.239999999999995,25.165476190483332,76.22666666665833,47.239999999999995,25.16813186813846,76.42450549449998,47.239999999999995,25.155102040821426,76.30693877550713,197.54999999999998,25.227619047626664,76.81666666666666,203.08999999999997,25.2928571428625,77.0711607142875,203.08999999999997,25.284873949582355,76.90966386554705,0,0,0,19,1,2005-04-16
67,51.06,25.66857142858,75.21357142856,51.06,25.49090909091818,75.52506493505454,66.25999999999999,25.346428571433332,75.77619047618333,80.92999999999999,25.33736263736923,76.33615384614615,80.92999999999999,25.327551020414283,76.51204081632143,80.92999999999999,25.304761904766664,76.39647619047334,231.23999999999998,25.363392857149996,76.86875,236.77999999999997,25.416806722694115,77.1052100840353,0,0,0,0,1,2005-04-23
68,93.94,26.15428571429,75.85828571428,93.94,25.896103896109093,75.39805194804545,93.94,25.714285714291663,75.66821428570833,109.13999999999999,25.56373626373846,75.88901098900769,123.81,25.539795918371425,76.40091836734284,123.81,25.517142857146663,76.56076190476,123.81,25.483928571431246,76.449375,274.12,25.528571428576466,76.89075630252353,0,0,0,0,4,2005-04-30
69,328.07,26.491428571430003,76.80885714284999,328.07,26.21168831169091,76.39402597401818,328.07,25.97023809524167,75.92749999999167,328.07,25.79670329670769,76.13615384614614,343.27,25.651020408164282,76.30775510203571,357.94,25.622857142859996,76.75761904761333,357.94,25.596428571431247,76.885178571425,357.94,25.56050420168235,76.76126050420001,0,0,0,0,2,2005-05-07
70,328.07,26.78,77.28042857141999,328.07,26.571428571427273,76.9996103896,328.07,26.308333333333334,76.60345238094166,328.07,26.078021978023077,76.1567032966923,328.07,25.909183673471425,76.33408163264286,343.27,25.76571428571333,76.48104761904001,357.94,25.732142857143746,76.89196428570625,357.94,25.70084033613529,77.00411764705295,18,18,18,18,6,2005-05-14
71,366.73,27.007142857140003,76.98357142856999,366.73,26.827272727272728,77.13662337661816,366.73,26.63214285714167,76.89119047618333,366.73,26.384615384615383,76.53384615383845,366.73,26.16530612245,76.12397959182856,366.73,26.001904761906662,76.29171428570666,381.92999999999995,25.861607142856247,76.4321428571375,396.6,25.824369747899997,76.82176470587648,18,18,18,18,3,2005-05-21
72,465.35999999999996,27.03285714285,77.62057142856999,469.29,26.940259740254547,77.59987012987271,469.29,26.78095238095,77.68880952380832,469.29,26.60439560439231,77.41978021977691,469.29,26.376530612242856,77.05020408162856,469.29,26.172380952380003,76.63323809523332,469.29,26.018749999999997,76.75866071428125,484.48999999999995,25.885714285711764,76.86336134453529,17,35,35,35,4,2005-05-28
73,622.3,27.287142857130004,78.69557142856999,622.3,27.15584415583636,78.23103896103635,626.23,27.060714285708332,78.16119047619165,626.23,26.90439560439231,78.20010989010767,626.23,26.731632653057144,77.9137755102,626.23,26.510476190473334,77.5359047619,626.23,26.3107142857125,77.1146428571375,626.23,26.157983193276465,77.20436974789412,17,17,35,35,10,2005-06-04
74,707.0799999999999,27.53142857142,79.57185714285998,707.0799999999999,27.428571428563643,79.05324675324545,707.0799999999999,27.296428571424997,78.59761904761665,711.01,27.1978021978,78.50494505494613,711.01,27.042857142857144,78.51653061224283,711.01,26.872380952380002,78.22819047618665,711.01,26.65625,77.85428571428125,711.01,26.45966386554706,77.43907563024705,22,39,39,57,12,2005-06-11
75,739.0999999999999,27.65571428571,79.69214285715,739.0999999999999,27.640259740254546,79.33259740259997,739.0999999999999,27.536904761900004,78.87714285714166,739.0999999999999,27.406593406592304,78.47010989010768,743.03,27.307142857142857,78.39316326530714,743.03,27.15523809524,78.41142857142664,743.03,26.98839285714375,78.14767857142499,743.03,26.778151260505883,77.80050420167647,42,42,59,59,21,2005-06-18
76,823.12,27.67714285714,80.04342857143,836.56,27.64285714285455,79.85792207792727,836.56,27.629761904758336,79.51452380952499,836.56,27.53516483516154,79.08010989010768,836.56,27.41428571428571,78.68765306122141,840.49,27.320952380953333,78.60133333333332,840.49,27.17767857143125,78.60544642856873,840.49,27.01932773109412,78.34579831932352,20,42,42,59,26,2005-06-25
77,797.79,27.939999999999998,80.25028571429,831.48,27.89090909090909,80.01389610390001,844.92,27.84166666666667,79.84630952381667,844.92,27.814285714284615,79.53021978022306,844.92,27.713265306121432,79.12571428571427,844.92,27.58857142857333,78.75638095237997,848.85,27.49017857143125,78.67116071428748,848.85,27.345378151264708,78.67092436974703,0,20,42,42,21,2005-07-02
78,778.27,28.027142857149993,80.52728571429,821.15,28.040259740263636,80.22870129870908,854.84,27.986904761908335,80.01380952381668,868.28,27.93406593406923,79.85912087913077,868.28,27.902040816328572,79.56469387755713,868.28,27.80190476190667,79.18485714285998,868.28,27.679464285718748,78.83491071428747,872.21,27.58151260504706,78.75008403361763,0,0,20,42,30,2005-07-09
79,586.2,28.251428571439998,80.28985714285999,820.3299999999999,28.118181818190905,80.42272727272727,863.21,28.122619047624998,80.15773809524167,896.9000000000001,28.067032967038465,79.96483516483846,910.3399999999999,28.012244897964287,79.82469387755714,910.3399999999999,27.977142857146667,79.55219047619332,910.3399999999999,27.878571428575004,79.19687499999998,910.3399999999999,27.758823529417644,78.86680672268821,0,0,0,20,45,2005-07-16
80,678.72,28.35857142859,80.45528571429,678.72,28.268831168845452,80.31454545454545,912.8499999999999,28.145238095249994,80.43428571428333,955.73,28.147252747261536,80.1887912087923,989.4200000000001,28.093877551028573,80.00744897959285,1002.8599999999999,28.04095238096,79.87380952381334,1002.8599999999999,28.00625000000625,79.61526785714373,1002.8599999999999,27.91176470588824,79.27714285714116,0,0,0,0,56,2005-07-23
81,679.55,28.467142857159995,80.83357142857001,718.21,28.361038961054543,80.36675324675456,718.21,28.27857142858333,80.24511904761665,952.3399999999999,28.163736263746145,80.36098901098461,995.22,28.164285714292852,80.13826530612143,1028.91,28.113333333339998,79.97238095238,1042.35,28.06250000000625,79.8492857142875,1042.35,28.02857142857647,79.60739495798235,0,0,0,0,75,2005-07-30
82,641.24,28.73285714288,80.69814285714,743.8,28.509090909109087,80.97675324675455,782.46,28.408333333349997,80.53690476190833,782.46,28.32857142858461,80.41153846153846,1016.5899999999999,28.218367346949993,80.50724489795714,1059.47,28.21523809524666,80.28961904762,1093.16,28.164285714293747,80.12464285714375,1106.6,28.113445378158822,79.99983193277647,0,0,0,0,83,2005-08-06
83,564.64,28.7885714286,80.22671428571,721.58,28.751948051972725,80.60025974025454,824.14,28.545238095258327,80.86380952380834,862.8000000000001,28.449450549469226,80.46648351648462,862.8000000000001,28.372448979607135,80.35510204081427,1096.9299999999998,28.266666666679992,80.44819047618667,1139.81,28.260714285724994,80.24785714285625,1173.5,28.210084033623527,80.09504201680589,21,21,21,21,82,2005-08-13
84,498.01,28.851428571450004,79.889,582.79,28.850649350672725,80.13818181818182,739.73,28.811904761924996,80.487976190475,842.29,28.616483516499994,80.73989010989231,880.95,28.522448979607137,80.37979591837143,880.95,28.44571428572666,80.28161904762,1115.08,28.34196428572499,80.37348214285625,1157.96,28.331932773117643,80.18932773109411,21,21,21,21,126,2005-08-20
85,495.85,28.911428571450006,79.969,527.87,28.894805194827278,79.69363636363636,612.65,28.8904761905,79.93833333333333,769.59,28.85164835166923,80.2765934065923,872.15,28.667346938792853,80.5256122449,910.8100000000001,28.576190476206662,80.20380952381333,910.8100000000001,28.500892857156245,80.12276785714374,1144.9399999999998,28.400000000011758,80.21857142857058,16,37,37,37,119,2005-08-27
86,497.40999999999997,28.95285714288,79.49085714286,594.87,28.822077922100004,79.67493506493635,626.89,28.814285714308337,79.44702380952499,711.67,28.81648351650769,79.69186813186924,868.61,28.78571428573571,80.02357142857143,971.17,28.618095238113327,80.27285714286,1009.83,28.535714285731245,79.98696428571876,1009.83,28.467226890770583,79.92344537815293,53,53,74,74,137,2005-09-03
87,566.0999999999999,28.75857142859,79.42714285714,574.4599999999999,28.874025974045455,79.45363636363635,671.92,28.76071428573334,79.625476190475,703.9399999999999,28.75824175826154,79.4189010989,788.7199999999999,28.764285714307142,79.64826530612143,945.66,28.739047619066664,79.96076190475999,1048.22,28.584821428587496,80.19839285714376,1086.88,28.509243697494114,79.93369747899412,83,99,99,120,131,2005-09-10
88,566.0399999999998,28.740000000010003,78.96971428571,589.3999999999999,28.76753246754545,79.06454545454545,597.7599999999999,28.872619047633332,79.11904761905,695.2199999999999,28.768131868146156,79.30340659340769,727.2399999999999,28.765306122464292,79.13459183673571,812.0199999999999,28.770476190493333,79.36761904762001,968.9599999999999,28.74642857144375,79.678125,1071.52,28.60084033614706,79.91840336134706,76,113,129,129,112,2005-09-17
89,567.5500000000001,28.76142857144,78.75928571428999,609.6099999999999,28.785714285727273,78.81545454545454,632.9699999999999,28.80714285715833,78.91523809524166,641.3299999999999,28.901098901115382,78.97703296703845,738.79,28.80204081634286,79.15836734694285,770.81,28.797142857160004,79.01047619047999,855.5899999999999,28.80000000001875,79.236696428575,1012.53,28.775630252117647,79.5366386554647,45,91,128,144,82,2005-09-24
90,541.89,28.775714285720007,78.36928571429,634.4100000000001,28.74545454546364,78.56857142857272,676.4699999999999,28.769047619058338,78.63595238095,699.8299999999999,28.790109890123077,78.74186813186923,708.1899999999999,28.878571428585712,78.81163265306428,805.65,28.787619047633335,78.99190476190665,837.67,28.783928571443756,78.86366071428749,922.4499999999999,28.787394958,79.0852100840353,73,103,149,186,73,2005-10-01
91,539.26,28.800000000010005,78.32942857144,578.75,28.762337662345463,78.43415584416364,671.2700000000001,28.735714285725006,78.61142857143334,713.3299999999999,28.758241758253853,78.67032967033077,736.6899999999999,28.778571428585714,78.7662244898,745.05,28.86190476192,78.82971428571999,842.51,28.777678571443754,78.99758928571873,874.53,28.77478991598236,78.87655462185293,95,110,140,186,43,2005-10-08
92,543.32,28.70857142858,77.92371428572001,607.5699999999999,28.728571428581823,78.33142857143638,647.06,28.70000000000834,78.42726190476667,739.5800000000002,28.680219780230775,78.59142857143077,781.6399999999999,28.705102040828574,78.64755102040715,805.0,28.727619047633333,78.73857142857332,813.3599999999999,28.80892857144375,78.79982142857499,910.8199999999999,28.73277310925883,78.95957983193527,65,123,138,168,55,2005-10-15
93,620.8100000000001,28.515714285719998,78.18800000000999,701.1500000000001,28.554545454554546,78.31831168831819,765.4,28.585714285725004,78.659166666675,804.89,28.570329670338467,78.72241758242308,897.4100000000002,28.56122448980715,78.85377551020714,939.4699999999999,28.592380952393338,78.88866666666668,962.83,28.6205357143,78.95892857143124,971.1899999999999,28.703361344552942,79.00361344538234,42,79,137,152,55,2005-10-22
94,714.82,28.372857142869996,78.50171428572,732.97,28.47272727273636,78.57000000000909,813.3100000000001,28.511904761916668,78.657619047625,877.56,28.543956043969235,78.94615384616155,917.05,28.53265306123572,78.98438775510715,1009.5700000000002,28.526666666680004,79.08952380952668,1051.6299999999999,28.558035714300004,79.10750000000002,1074.99,28.586554621864707,79.16075630252352,14,42,79,137,53,2005-10-29
95,705.71,28.23714285715,78.97000000000999,735.57,28.336363636372724,78.8581818181909,753.72,28.43095238095833,78.89107142858332,834.0600000000001,28.47032967033846,78.94725274726154,898.31,28.503061224500005,79.19448979592859,937.8,28.495238095246673,79.21361904762668,1030.3200000000002,28.491964285725004,79.29785714286251,1072.3799999999999,28.523529411776476,79.3025210084059,13,27,55,92,46,2005-11-05
96,646.41,28.240000000000002,79.19357142858,745.4300000000001,28.21168831169091,78.97000000000908,775.2900000000001,28.304761904766664,78.86750000000832,793.44,28.39450549450769,78.89714285715384,873.7800000000001,28.433673469392858,78.94887755102857,938.03,28.466666666673337,79.17952380953335,977.52,28.461607142862505,79.19839285715001,1070.0400000000002,28.460504201688238,79.27857142857648,13,13,27,55,43,2005-11-12
97,596.58,28.218571428569998,79.21814285715,673.63,28.20649350649091,79.20571428571817,772.6500000000001,28.183333333333334,78.99976190476666,802.5100000000001,28.271428571430764,78.90285714286152,820.6600000000001,28.357142857142854,78.92785714286427,901.0000000000001,28.396190476193333,78.9740952381,965.25,28.42946428571875,79.18875000000627,1004.74,28.426890756305884,79.20596638655883,16,29,29,43,29,2005-11-19
98,610.6400000000001,28.04857142857,79.66442857143,633.94,28.122077922072723,79.28025974026363,710.99,28.119047619041666,79.26369047619166,810.0100000000001,28.104395604392305,79.06912087912306,839.8700000000001,28.191836734692853,78.97418367347142,858.0200000000001,28.277142857139996,78.99276190476665,938.3600000000001,28.318749999999998,79.03205357143125,1002.61,28.354621848741175,79.23067226891177,30,30,43,43,22,2005-11-26
99,581.5600000000001,27.77714285714,79.66171428571,625.1300000000001,27.910389610390908,79.44454545454545,648.4300000000001,27.98928571428333,79.11071428571667,725.48,27.996703296699998,79.10846153846153,824.5000000000001,27.991836734692857,78.9388775510214,854.3600000000001,28.080952380953327,78.85895238095331,872.5100000000001,28.167857142856246,78.88357142857498,952.8500000000001,28.21344537815294,78.92697478991764,30,46,46,59,26,2005-12-03
100,541.35,27.541428571430004,79.858,608.21,27.636363636363637,79.5674025974,651.7800000000001,27.770238095241666,79.37619047619167,675.08,27.853846153846153,79.0732967033,752.13,27.870408163264283,79.07387755102141,851.1500000000001,27.874285714286664,78.91790476190664,881.0100000000001,27.965178571431245,78.84428571428748,899.1600000000001,28.053781512605877,78.86831932773528,16,30,46,46,13,2005-12-10
101,504.49,27.17714285714,79.09528571428,541.35,27.309090909090912,79.09415584415454,608.21,27.415476190475,78.891428571425,651.7800000000001,27.556043956046153,78.76692307692306,675.08,27.64897959183571,78.52918367347142,752.13,27.67809523809333,78.56599999999999,851.1500000000001,27.693749999999998,78.45151785714373,881.0100000000001,27.789915966388232,78.40966386554703,15,31,45,61,17,2005-12-17
102,436.18000000000006,26.92142857142,78.76771428571,504.49,27.020779220772727,78.72987012986363,541.35,27.154761904758335,78.75928571428334,608.21,27.264835164830767,78.59791208790769,651.7800000000001,27.40612244897857,78.50326530612142,675.08,27.50285714285333,78.29895238095334,752.13,27.53928571428125,78.34785714285624,851.1500000000001,27.562184873947057,78.25294117647057,15,15,31,45,8,2005-12-24
103,278.34999999999997,26.682857142850004,78.27285714284999,436.18000000000006,26.71298701298182,78.63571428570908,504.49,26.821428571425002,78.61202380951666,541.35,26.960439560438466,78.64824175823846,608.21,27.07653061224286,78.50632653060714,651.7800000000001,27.220952380953335,78.42409523809333,675.08,27.3232142857125,78.23750000000001,752.13,27.368067226888236,78.28714285714118,0,15,15,31,13,2006-01-01
104,230.26999999999998,26.46714285713,77.69171428570999,342.42999999999995,26.61038961038182,78.11883116882726,500.26000000000005,26.644047619041668,78.46428571428332,568.57,26.749450549446156,78.45560439559999,605.4300000000001,26.883673469385716,78.50040816326428,672.2900000000001,26.99714285714,78.37780952380668,715.8600000000001,27.1375,78.30875,739.1600000000001,27.23865546218235,78.13991596638824,10,10,25,25,10,2006-01-08
105,225.79,26.135714285699997,76.90028571427999,246.54,26.302597402581817,77.40233766233635,358.69999999999993,26.44761904760833,77.817976190475,516.5300000000001,26.4912087912,78.16,584.84,26.599999999992857,78.1736734693857,621.7,26.735238095233335,78.23428571428666,688.5600000000001,26.8508928571375,78.13598214285625,732.1300000000001,26.99159663865294,78.0852100840353,10,10,10,25,17,2006-01-15
106,258.76,25.7457142857,76.29614285713998,298.48,25.946753246736364,76.53922077921817,319.23,26.115476190458335,77.02952380952499,431.38999999999993,26.26373626372308,77.44186813186921,589.22,26.317346938764285,77.78632653061428,657.53,26.430476190466667,77.824,694.3900000000001,26.567857142850002,77.90267857143124,761.25,26.686554621841175,77.82966386554706,0,10,10,10,19,2006-01-22
107,305.95,25.42999999999,76.23542857142999,333.16999999999996,25.651948051936362,76.5164935064909,372.89,25.844047619033333,76.72095238095,393.64,26.007692307676923,77.15956043956153,505.79999999999995,26.15306122447857,77.53316326530714,663.63,26.210476190466668,77.84857142857332,731.9399999999999,26.32321428570625,77.88,768.8000000000001,26.458823529405883,77.95075630252352,0,0,10,10,9,2006-01-29
108,268.59000000000003,25.142857142849998,75.735,305.95,25.325974025963635,76.11376623376363,333.16999999999996,25.538095238083333,76.38154761904165,372.89,25.724175824161538,76.58065934065384,393.64,25.884693877535714,76.99795918367143,505.79999999999995,26.02857142856,77.35742857142665,663.63,26.09017857141875,77.66410714285624,731.9399999999999,26.203361344529412,77.70453781512352,0,0,0,10,9,2006-02-05
109,254.1,24.83142857142,75.29771428571999,268.59000000000003,24.98571428570909,75.4748051948091,305.95,25.16666666665833,75.84369047619167,333.16999999999996,25.374725274715384,76.11164835164615,372.89,25.55918367345714,76.31581632652856,393.64,25.719999999986666,76.72295238095333,505.79999999999995,25.86517857141875,77.07714285714374,663.63,25.932773109235292,77.38226890756471,22,22,22,22,9,2006-02-12
110,245.6,24.59999999999,75.126,272.25,24.748051948045454,75.44402597402727,286.74,24.896428571424995,75.59416666666667,324.09999999999997,25.070329670323073,75.92549450549231,351.31999999999994,25.27040816325714,76.16846938775,391.03999999999996,25.44952380951333,76.35523809523333,411.78999999999996,25.607142857131247,76.7344642857125,523.9499999999999,25.75042016805882,77.06714285714118,22,22,22,22,3,2006-02-19
111,245.6,24.57571428571,75.82985714285999,245.6,24.61298701298182,75.43220779220908,272.25,24.747619047616666,75.69821428571666,286.74,24.88461538461538,75.81725274725385,324.09999999999997,25.046938775507137,76.1089795918357,351.31999999999994,25.23523809523333,76.32352380952001,391.03999999999996,25.405357142849997,76.488928571425,411.78999999999996,25.556302520999996,76.83798319327649,0,22,22,22,7,2006-02-26
112,257.4,24.51571428571,75.66371428571999,257.4,24.60129870129091,75.61025974026364,257.4,24.633333333324998,75.26404761905,284.05,24.756043956038464,75.52252747253077,298.54,24.882653061221422,75.6456122449,335.9,25.034285714279992,75.92933333333332,363.11999999999995,25.21160714285,76.14169642856875,402.84,25.37310924368823,76.30806722688824,11,11,33,33,7,2006-03-05
113,257.4,24.582857142850003,75.00185714285999,257.4,24.58701298700909,75.21220779220909,257.4,24.65952380951667,75.20083333333334,257.4,24.684615384607692,74.91274725274616,284.05,24.794897959178574,75.17785714285715,298.54,24.91047619047333,75.31571428571333,335.9,25.050892857137494,75.60232142856874,363.11999999999995,25.216806722682353,75.82142857142354,21,21,21,43,0,2006-03-12
114,193.32000000000002,24.547142857140003,74.772,257.4,24.668831168827275,74.93623376623636,257.4,24.665476190475,75.13452380952499,257.4,24.726373626369234,75.13000000000001,257.4,24.74489795917857,74.86755102040715,284.05,24.84380952380667,75.118,298.54,24.949107142856246,75.25098214285624,335.9,25.07899159663529,75.52453781512352,10,21,21,21,2,2006-03-19
115,193.79000000000002,24.63285714286,74.64214285713999,210.06000000000003,24.635064935063635,74.63000000000001,274.14,24.739285714283337,74.79238095238333,274.14,24.73076923076923,74.98648351648461,274.14,24.78265306122143,74.99285714285715,274.14,24.796190476186666,74.75704761904667,300.79,24.885714285712503,74.99875,315.28000000000003,24.982352941176465,75.13092436974705,0,10,21,21,3,2006-03-26
116,152.44,24.795714285720003,74.90199999999,225.13000000000002,24.728571428572728,74.7225974025909,241.40000000000003,24.722619047616664,74.70476190475834,305.47999999999996,24.812087912084618,74.84890109889999,305.47999999999996,24.798979591835714,75.02510204081429,305.47999999999996,24.842857142853337,75.02847619047334,305.47999999999996,24.85178571428125,74.805178571425,332.13,24.93277310924118,75.02983193277059,0,0,10,21,3,2006-04-02
117,102.47,24.990000000000002,74.52842857142,176.88,24.964935064936366,74.90948051947272,249.57000000000002,24.889285714283332,74.74440476189999,265.84000000000003,24.871428571423074,74.72626373626154,329.91999999999996,24.943877551014285,74.85857142857142,329.91999999999996,24.92285714285333,75.02238095238,329.91999999999996,24.95624999999375,75.02571428571251,329.91999999999996,24.957983193270586,74.81571428571178,9,9,9,19,1,2006-04-09
118,276.51,25.10428571429,74.999,276.51,25.02987012987273,74.98974025973637,350.91999999999996,25.003571428575,75.30059523809166,423.61,24.93076923076923,75.11813186813076,439.88,24.911224489792854,75.07459183673572,503.9599999999999,24.976190476186666,75.17485714286,503.9599999999999,24.954464285712497,75.3086607142875,503.9599999999999,24.984033613441177,75.29495798319412,9,9,9,9,3,2006-04-16
119,321.35,25.348571428570004,75.345,321.35,25.172727272727272,75.12025974026363,321.35,25.09880952380833,75.10166666666667,395.76,25.069230769230767,75.38,468.45000000000005,24.99693877550714,75.2048979591857,484.72,24.974285714279993,75.15847619048,548.8,25.031249999993747,75.2472321428625,548.8,25.007563025205883,75.36890756302941,0,9,9,9,3,2006-04-23
120,364.06000000000006,25.625714285710007,75.45671428572001,382.21000000000004,25.470129870127277,75.58857142857273,382.21000000000004,25.29880952380833,75.36226190476667,382.21000000000004,25.220879120876923,75.32648351648461,456.62,25.184693877549996,75.56887755102142,529.3100000000001,25.109523809519995,75.39285714286,545.58,25.081249999993744,75.33758928571875,609.66,25.1285714285647,75.4105882353,0,0,9,9,3,2006-04-30
121,467.4100000000001,25.782857142850002,75.26771428572,467.4100000000001,25.6883116883091,75.56103896104547,485.56000000000006,25.540476190475005,75.67321428571667,485.56000000000006,25.376923076923074,75.4578021978077,485.56000000000006,25.298979591835714,75.41775510204286,559.97,25.259999999999998,75.63790476190665,632.6600000000001,25.184821428568746,75.46857142857499,648.9300000000001,25.153781512599995,75.41210084034117,9,9,9,18,7,2006-05-07
122,510.08000000000004,25.947142857140005,75.73614285715,521.8800000000001,25.848051948045455,75.52506493507272,521.8800000000001,25.755952380950006,75.77250000000834,540.0300000000001,25.61428571428462,75.85978021978462,540.0300000000001,25.457142857142856,75.64642857143572,540.0300000000001,25.379047619046666,75.59647619048,614.44,25.3375,75.791696428575,687.1300000000001,25.262184873947056,75.62327731092941,9,9,9,9,3,2006-05-14
123,522.1700000000001,26.011428571430002,76.25914285715,522.1700000000001,25.94675324675455,75.7535064935091,533.9700000000001,25.85595238095,75.558571428575,533.9700000000001,25.770329670330774,75.7843956044,552.1200000000001,25.63775510204286,75.86459183673573,552.1200000000001,25.489523809526663,75.66514285714668,552.1200000000001,25.414285714287498,75.61714285714376,626.5300000000001,25.373109243699997,75.79966386554706,19,28,28,28,5,2006-05-21
124,626.1200000000001,26.240000000000002,77.26214285715,626.1200000000001,26.175324675327275,76.99103896104545,626.1200000000001,26.10238095238334,76.46654761905,637.9200000000002,26.00659340659231,76.23175824176154,637.9200000000002,25.916326530614292,76.39336734694287,656.0700000000002,25.782857142860003,76.42761904762001,656.0700000000002,25.634821428575,76.205446428575,656.0700000000002,25.55546218487647,76.12848739495882,19,19,28,28,11,2006-05-28
125,613.08,26.591428571430004,77.78114285715,629.8200000000002,26.493506493509095,77.3655844155909,629.8200000000002,26.413095238100002,77.10845238095833,629.8200000000002,26.327472527476928,76.61527472527692,641.6200000000002,26.22244897959286,76.3866326530643,641.6200000000002,26.12380952381334,76.52714285714667,659.7700000000002,25.985714285718753,76.55089285714377,659.7700000000002,25.834453781517645,76.33453781512942,0,19,19,28,5,2006-06-04
126,646.66,26.88142857143,77.80957142858,678.0,26.772727272727277,77.60207792208182,694.7400000000001,26.667857142858338,77.236071428575,694.7400000000001,26.580219780223082,77.00868131868461,694.7400000000001,26.488775510207148,76.55785714285715,706.5400000000002,26.380000000000003,76.34828571428667,706.5400000000002,26.277678571431256,76.48241071428751,724.6900000000002,26.13865546218824,76.50739495798237,0,0,19,19,5,2006-06-11
127,642.15,27.107142857150002,77.87114285715002,666.5899999999999,27.066233766236362,77.6087012987091,697.93,26.95119047619167,77.43523809524167,714.6700000000001,26.840659340661542,77.11021978022308,714.6700000000001,26.746938775514288,76.90806122449285,714.6700000000001,26.650476190480003,76.49399999999999,726.4700000000001,26.53839285714375,76.30151785714375,726.4700000000001,26.432773109247062,76.43050420168235,21,21,21,40,6,2006-06-18
128,475.66999999999996,27.45857142858,77.50285714286,649.7099999999999,27.274025974036363,77.69376623377273,674.1499999999999,27.222619047625,77.46797619048333,705.4899999999999,27.1043956044,77.31868131868461,722.23,26.990816326535715,77.02520408163572,722.23,26.893333333340003,76.84219047619334,722.23,26.793750000006252,76.458125,734.0300000000001,26.67983193277647,76.27907563025295,21,21,21,21,6,2006-06-25
129,450.78,27.68000000001,77.83914285714,495.61999999999995,27.51428571429091,77.7022077922091,669.66,27.340476190483333,77.8605952381,694.0999999999999,27.287912087915384,77.63934065934615,725.4399999999999,27.173469387757144,77.48846938775715,742.1800000000001,27.062857142860004,77.20323809524001,742.1800000000001,26.966964285718753,77.0205357142875,742.1800000000001,26.868907563029413,76.64857142857058,0,21,21,21,4,2006-07-02
130,501.07000000000005,27.798571428579997,78.25271428571,561.93,27.697402597409088,78.23194805194545,606.77,27.54404761905,78.07369047619166,780.81,27.381318681323076,78.19131868132308,805.2499999999999,27.329591836735712,77.96224489796428,836.5899999999999,27.220000000000002,77.79990476190667,853.33,27.11339285714375,77.51303571428751,853.33,27.020168067229413,77.32285714285884,0,0,21,21,4,2006-07-09
131,450.35,27.961428571440003,78.45271428570999,553.7,27.811688311699996,78.28467532467272,614.56,27.717857142866663,78.262976190475,659.4,27.574725274730767,78.11450549450768,833.4399999999999,27.42142857143571,78.22081632653571,857.8799999999999,27.370476190479998,78.00504761905333,889.2199999999999,27.26517857143125,77.85017857143126,905.96,27.162184873952942,77.57722689075884,0,0,0,21,8,2006-07-16
132,452.61,28.095714285730004,78.79057142856001,507.08000000000004,27.95064935066364,78.72766233765454,610.4300000000001,27.8142857143,78.55071428570834,671.29,27.727472527484615,78.5102197802154,716.13,27.593877551028573,78.35469387754999,890.17,27.449523809533332,78.43790476190667,914.6099999999999,27.400000000006248,78.22205357143125,945.9499999999999,27.29915966387059,78.06352941176472,0,0,0,0,14,2006-07-23
133,457.13,28.250000000010004,79.25171428571,469.22,28.04025974027273,78.94948051947273,523.69,27.91190476191667,78.87857142856666,627.0400000000001,27.789010989023076,78.70362637362308,687.9,27.710204081642853,78.6551020408143,732.74,27.586666666673334,78.50028571428666,906.78,27.45178571429375,78.569196428575,931.2199999999999,27.405042016811763,78.35831932773529,0,0,0,0,12,2006-07-30
134,382.9200000000001,28.32857142858,78.698,486.87,28.28181818182728,79.20818181818181,498.96000000000004,28.08690476191667,78.93476190475833,553.4300000000001,27.964835164846157,78.87043956043846,656.7800000000001,27.84693877552143,78.70857142857143,717.64,27.769523809533332,78.66295238095334,762.48,27.65000000000625,78.51732142857499,936.52,27.5193277311,78.58117647059412,0,0,0,0,16,2006-08-06
135,473.0,28.20857142858,79.02257142856999,476.70000000000005,28.283116883127274,78.96597402597273,580.65,28.24404761905834,79.41130952380833,592.74,28.06703296704616,79.14329670329231,647.21,27.955102040828574,79.0686734693857,750.5600000000001,27.845714285726668,78.90438095238001,811.42,27.773214285725,78.84937500000001,856.26,27.660504201688237,78.70134453781763,0,0,0,0,10,2006-08-13
136,471.91,28.094285714299996,79.50685714286,536.83,28.138961038972727,79.17090909090909,540.5300000000001,28.213095238108334,79.10666666666667,644.48,28.182417582430773,79.50692307692307,656.57,28.022448979607145,79.25122448979286,711.0400000000001,27.92095238096667,79.17438095237999,814.3900000000001,27.8205357143,79.01375,875.25,27.753781512617646,78.95554621848824,9,9,9,9,16,2006-08-20
137,455.16999999999996,28.06714285716,79.80957142857001,475.1,28.144155844172722,79.42688311688181,540.0200000000001,28.18095238096667,79.12559523809166,543.7200000000001,28.246153846169232,79.06978021977692,647.6700000000001,28.215306122464288,79.44408163264998,659.7600000000001,28.06380952382667,79.20961904761333,714.2300000000001,27.966071428587504,79.14017857142498,817.5800000000002,27.868907563041176,78.99100840335882,9,9,9,9,18,2006-08-27
138,518.22,27.971428571439997,80.19900000000001,525.78,28.059740259754548,79.81,545.71,28.13095238096666,79.45916666666666,610.6300000000001,28.165934065946153,79.17857142856923,614.3300000000002,28.22755102042143,79.12295918367143,718.2800000000001,28.200000000013336,79.46876190475999,730.3700000000001,28.058928571443754,79.24741071428124,784.8400000000001,27.967226890770593,79.17983193277057,8,17,17,17,15,2006-09-03
139,549.75,27.977142857160004,80.14485714286,569.7,27.985714285727273,80.1040259740273,577.26,28.06547619049167,79.75535714285834,597.19,28.130769230784612,79.43571428571538,662.1100000000001,28.163265306135717,79.17683673469286,665.8100000000002,28.22095238096667,79.12504761904665,769.7600000000001,28.195535714300004,79.44910714285623,781.8500000000001,28.063025210100005,79.24193277310587,8,8,17,17,23,2006-09-10
140,462.71000000000004,28.044285714309996,79.74128571429,573.86,28.02857142859091,79.96116883117273,593.8100000000001,28.032142857158334,79.93904761905002,601.37,28.10219780221539,79.62989010989233,621.3000000000001,28.160204081649997,79.34204081632856,686.2200000000001,28.18857142858667,79.10666666666665,689.9200000000002,28.241071428587503,79.06249999999999,793.8700000000001,28.215966386570592,79.37117647058822,0,8,8,17,17,2006-09-17
141,477.39000000000004,28.102857142879998,79.67385714285999,530.02,28.08831168833636,79.57662337662727,641.1700000000001,28.070238095258336,79.79190476190833,661.1200000000001,28.070329670346155,79.78450549450771,668.6800000000001,28.13265306124286,79.50846938775716,688.6100000000001,28.184761904779997,79.24790476190667,753.5300000000002,28.209821428587503,79.033125,757.2300000000002,28.25798319329412,78.99588235294117,8,8,16,16,33,2006-09-24
142,447.84000000000003,28.20142857145,79.11228571428998,504.57000000000005,28.168831168854545,79.32727272727271,557.1999999999999,28.150000000025,79.26702380952499,668.35,28.128571428592313,79.48956043956153,688.3000000000001,28.124489795935716,79.50428571428573,695.86,28.179047619066672,79.26533333333334,715.7900000000001,28.22500000001875,79.03625,780.7100000000002,28.246218487411767,78.84655462184706,20,20,20,28,15,2006-10-01
143,458.86,28.348571428590002,78.75371428572001,475.47,28.270129870145453,78.91597402598181,532.2,28.234523809541667,79.12940476190833,584.8299999999999,28.21208791210769,79.08901098901538,695.98,28.187755102057146,79.30836734694286,715.9300000000001,28.180000000013333,79.33419047619334,723.49,28.227678571443754,79.12080357143127,743.4200000000001,28.26806722690588,78.91369747899411,12,20,20,20,13,2006-10-08
144,441.3400000000001,28.374285714300004,78.34971428572001,471.08000000000004,28.394805194818186,78.38818181819092,487.69000000000005,28.319047619058335,78.56738095239166,544.4200000000001,28.28241758243077,78.79120879121538,597.05,28.258163265321425,78.77785714286428,708.2,28.232380952393335,79.00333333334,728.1500000000001,28.222321428581253,79.04660714286251,735.71,28.264705882364712,78.86268907563532,8,20,28,28,11,2006-10-15
145,391.94,28.461428571440003,77.78585714286001,485.7200000000001,28.403896103909094,78.13675324675455,515.46,28.420238095250003,78.18976190476667,532.07,28.348351648361536,78.37043956044614,588.8000000000001,28.31224489797143,78.59234693877856,641.43,28.287619047633328,78.59314285714666,752.58,28.26160714286875,78.816071428575,772.5300000000001,28.250420168076474,78.86781512605296,39,39,51,59,14,2006-10-22
146,392.26,28.55285714286,77.66185714286,456.09000000000003,28.45194805195455,77.93389610390001,549.8700000000001,28.400000000008333,78.24321428571668,579.61,28.41538461539231,78.28395604396154,596.22,28.348979591842856,78.44500000000713,652.95,28.315238095246666,78.64714285714666,705.5799999999999,28.291964285724994,78.64446428571874,816.73,28.267226890764704,78.85126050420588,38,46,46,58,17,2006-10-29
147,484.50000000000006,28.5,77.79214285715,487.69,28.512987012990912,77.86805194805456,551.52,28.423809523816672,78.10023809524166,645.3000000000002,28.37802197803077,78.37296703296923,675.04,28.393877551028574,78.40153061225,691.6500000000001,28.33333333334,78.54400000000666,748.3800000000001,28.3026785714375,78.727321428575,801.01,28.28151260505294,78.72008403361764,14,45,53,53,19,2006-11-05
148,429.80000000000007,28.55142857143,77.91928571429,500.4100000000001,28.5,78.09155844156363,503.6,28.511904761908337,78.13619047619167,567.43,28.429670329676927,78.3298901098923,661.2100000000002,28.386734693885717,78.56673469387859,690.9499999999999,28.400952380960003,78.58047619048001,707.5600000000001,28.34375000000625,78.7028571428625,764.2900000000001,28.31428571429412,78.8660504201706,15,22,53,61,20,2006-11-12
149,384.93000000000006,28.537142857139997,77.56071428572,436.4100000000001,28.5,77.7055844155909,507.0200000000001,28.457142857141665,77.88130952381665,510.21000000000004,28.47142857143077,77.93868131868462,574.04,28.397959183678577,78.13265306122857,667.8200000000002,28.360000000006668,78.36685714286001,697.56,28.375000000006253,78.39223214286251,714.1700000000001,28.322689075635292,78.51848739496471,19,26,33,64,12,2006-11-19
150,382.11000000000007,28.401428571420002,77.01671428572,406.2200000000001,28.414285714281814,77.11740259740908,457.7000000000001,28.390476190475,77.28714285714999,528.3100000000001,28.35934065933846,77.48153846154615,531.5,28.379591836735717,77.56336734694285,595.3299999999999,28.31714285714667,77.76942857143332,689.1100000000001,28.2866071428625,78.01169642857501,718.8499999999999,28.30504201681177,78.05647058824118,33,41,48,55,21,2006-11-26
151,371.81000000000006,28.25285714285,76.78371428572001,439.12000000000006,28.277922077918184,76.88792207792727,463.2300000000001,28.299999999999997,76.99095238095833,514.7100000000002,28.286813186815383,77.15736263736923,585.32,28.26530612245,77.34714285714999,588.51,28.29047619048,77.43247619047999,652.3399999999999,28.237500000006253,77.63383928571874,746.1200000000001,28.213445378158823,77.86983193277648,39,50,58,65,7,2006-12-03
152,395.93000000000006,28.11142857142,76.88042857143999,423.11000000000007,28.17662337661818,76.78779220780001,490.4200000000001,28.20595238095,76.88297619048333,514.5300000000001,28.231868131869227,76.97846153846923,566.0100000000001,28.224489795921425,77.13387755102858,636.62,28.208571428573332,77.31257142858,639.81,28.23571428571875,77.3947321428625,703.6399999999999,28.189075630258827,77.58647058824117,17,39,50,58,19,2006-12-10
153,393.32,27.810000000000002,76.62828571429,420.95000000000005,27.914285714281814,76.6577922078,448.13000000000005,27.990476190474997,76.59142857143334,515.44,28.031868131869228,76.6943956044,539.5500000000001,28.068367346942853,76.79653061225,591.0300000000001,28.072380952386663,76.95371428572,661.64,28.066964285718747,77.13250000000625,664.8299999999999,28.100840336141175,77.22042016807058,12,29,51,62,10,2006-12-17
154,381.1,27.577142857150005,77.01885714286001,393.32,27.693506493509094,76.81103896104545,420.95000000000005,27.79880952380833,76.82285714286667,448.13000000000005,27.878021978023074,76.7489010989077,515.44,27.924489795921428,76.83326530612858,539.5500000000001,27.965714285719994,76.91933333334,591.0300000000001,27.975892857149997,77.05901785715,661.64,27.976470588241174,77.22109243698235,28,28,45,67,13,2006-12-24
155,336.72,27.300000000009998,76.94214285715,381.1,27.42727272728182,76.85714285714546,393.32,27.546428571433335,76.680119047625,420.95000000000005,27.65494505494615,76.7010989011077,448.13000000000005,27.73877551020714,76.64112244898571,515.44,27.791428571433332,76.72704761905334,539.5500000000001,27.838392857149994,76.81437500000625,591.0300000000001,27.85546218488235,76.9520168067294,25,37,37,54,10,2007-01-01
156,272.57,27.000000000010004,76.65357142858001,336.72,27.123376623381816,76.90454545455455,381.1,27.254761904766667,76.82976190476667,393.32,27.378021978023078,76.66846153846923,420.95000000000005,27.49081632652857,76.6887755102143,448.13000000000005,27.579999999999995,76.63361904762665,515.44,27.639285714287496,76.71464285715001,539.5500000000001,27.69243697479411,76.79756302521764,9,25,37,37,8,2007-01-08
157,177.14000000000001,26.697142857150006,76.14171428572,272.57,26.825974025981825,76.4861038961091,336.72,26.953571428575,76.73011904762501,381.1,27.087912087915388,76.6745054945077,393.32,27.21428571428572,76.53581632653571,420.95000000000005,27.330476190473334,76.56361904762667,448.13000000000005,27.424107142856247,76.5197321428625,515.44,27.489075630252938,76.60268907563531,7,16,32,44,21,2007-01-15
158,224.64,26.344285714290002,75.79785714286001,240.55,26.54025974026364,76.27857142857273,335.98,26.67142857143334,76.58285714285834,400.13,26.801098901099998,76.80065934066155,444.51,26.936734693878574,76.74397959183572,456.73,27.064761904760005,76.60990476190666,484.36,27.18303571428125,76.63133928571875,511.5400000000001,27.279831932770584,76.58605042017058,14,14,23,39,11,2007-01-22
159,218.03,26.04571428572,75.62142857143002,224.64,26.222077922081823,75.61662337662727,240.55,26.411904761908335,76.07238095238334,335.98,26.542857142861543,76.36912087912309,400.13,26.672448979592854,76.58663265306429,444.51,26.80761904762,76.54800000000002,456.73,26.935714285712503,76.43455357143125,484.36,27.054621848735295,76.46504201681176,7,14,14,23,9,2007-01-29
160,196.74,25.83571428572,75.62899999999999,218.03,25.958441558445454,75.36129870130002,224.64,26.127380952383337,75.378571428575,240.55,26.30989010989231,75.81758241758462,335.98,26.438775510207147,76.11132653061429,400.13,26.566666666666666,76.33152380952667,444.51,26.700000000000003,76.31125000000002,456.73,26.826890756300003,76.21840336134706,6,13,20,20,14,2007-02-05
161,139.73,25.69142857143,75.549,196.74,25.814285714290914,75.55363636363636,218.03,25.928571428575,75.314523809525,224.64,26.08681318681539,75.33406593406923,240.55,26.259183673471433,75.7448979591857,335.98,26.382857142860008,76.02390476190666,400.13,26.50625,76.23580357143125,444.51,26.635294117647064,76.22235294117648,6,6,13,20,14,2007-02-12
162,88.42999999999999,25.565714285709998,75.44157142856999,139.73,25.73376623376363,75.56766233766363,196.74,25.842857142858335,75.57035714285833,218.03,25.946153846153848,75.34835164835384,224.64,26.091836734692862,75.36408163265715,240.55,26.252380952380005,75.74552380952667,335.98,26.368750000000006,76.00705357143126,400.13,26.485714285711765,76.2074789916,6,12,12,19,15,2007-02-19
163,63.41,25.612857142849997,75.39171428572,88.42999999999999,25.64285714285454,75.30441558441818,139.73,25.790476190474994,75.43142857143333,196.74,25.886813186815385,75.4443956044,218.03,25.979591836735715,75.24724489796428,224.64,26.113333333333337,75.26866666667334,240.55,26.262500000000003,75.6322321428625,335.98,26.371428571429416,75.88504201681178,6,6,12,12,18,2007-02-26
164,63.41,25.52285714285,75.34042857143001,63.41,25.61428571428182,75.64025974026364,88.42999999999999,25.641666666666666,75.539523809525,139.73,25.778021978023073,75.63868131868462,196.74,25.868367346942858,75.63591836734999,218.03,25.956190476193335,75.43914285714666,224.64,26.083035714287504,75.4472321428625,240.55,26.225210084035297,75.77890756302942,12,18,18,24,16,2007-03-05
165,63.41,25.5857142857,75.31785714285999,63.41,25.616883116872728,75.31077922078181,63.41,25.692857142850002,75.5880952381,88.42999999999999,25.712087912084616,75.49912087912307,139.73,25.83367346938571,75.59408163265714,196.74,25.91428571428667,75.59447619048,218.03,25.993750000000002,75.41258928571875,224.64,26.110924369747064,75.42176470588824,12,12,18,18,12,2007-03-12
166,63.41,25.72142857142,75.06757142857,63.41,25.688311688299997,75.20038961039091,63.41,25.708333333325,75.20369047619167,63.41,25.77142857142308,75.46791208791538,88.42999999999999,25.783673469385715,75.39387755102142,139.73,25.892380952379998,75.48952380952666,196.74,25.964285714287502,75.49642857143124,218.03,26.036134453782353,75.3310084033647,9,21,21,27,20,2007-03-19
167,72.53,25.898571428559997,75.13028571429001,72.53,25.824675324663634,75.10129870130001,72.53,25.7857142857,75.22023809524167,72.53,25.796703296692307,75.22175824176153,72.53,25.84897959182857,75.46581632653572,97.55,25.855238095233336,75.39685714285999,148.85,25.952678571424997,75.48633928571874,205.86,26.016806722688237,75.49302521008822,18,18,30,30,8,2007-03-26
168,42.839999999999996,26.114285714279998,75.04400000001,106.25,26.010389610381818,75.28064935065456,106.25,25.933333333325,75.24154761905001,106.25,25.889010989000003,75.34054945055385,106.25,25.891836734685715,75.33336734694285,106.25,25.93428571428,75.55371428572,131.26999999999998,25.934821428568753,75.48357142857499,182.57,26.021848739494118,75.56268907563529,16,25,25,37,3,2007-04-02
169,133.52,26.17428571428,75.28500000001,133.52,26.067532467527272,75.1503896104,196.93,25.976190476183334,75.35845238095834,196.93,25.907692307684616,75.31637362637693,196.93,25.868367346928576,75.40295918367858,196.93,25.872380952373337,75.3920952381,196.93,25.913392857137502,75.59500000000627,221.95,25.91512605041765,75.52655462185294,7,16,25,25,13,2007-04-09
170,146.61,26.304285714279995,75.33914285715,146.61,26.1935064935,75.10467532468182,146.61,26.094047619041664,74.99630952381666,210.02,26.007692307684614,75.20021978022308,210.02,25.941836734685715,75.17244897959287,210.02,25.902857142846667,75.26285714286,210.02,25.90446428570625,75.26142857143125,210.02,25.941176470582352,75.46008403361766,6,13,22,31,4,2007-04-16
171,146.61,26.517142857139998,75.34242857144001,146.61,26.43376623376363,75.29311688312727,146.61,26.321428571425,75.08202380953334,146.61,26.219780219776922,74.98373626374615,210.02,26.130612244892856,75.17397959184287,210.02,26.060952380946667,75.14980952381333,210.02,26.01696428570625,75.2359821428625,210.02,26.01176470587647,75.2362184874,17,17,24,33,1,2007-04-23
172,216.31,26.58857142857,75.8782857143,216.31,26.549350649345453,75.86701298702728,216.31,26.470238095233327,75.77809523810834,216.31,26.363736263730765,75.54593406594616,216.31,26.266326530607138,75.42153061225714,279.72,26.17999999999333,75.56990476191335,279.72,26.111607142849998,75.52250000000626,279.72,26.067226890747058,75.58168067227646,11,17,17,24,10,2007-04-30
173,309.34000000000003,26.56857142857,76.69342857144,309.34000000000003,26.55454545454545,76.44246753248183,309.34000000000003,26.521428571424995,76.38511904763334,309.34000000000003,26.45054945054615,76.26318681320001,309.34000000000003,26.35306122448571,76.01295918368571,309.34000000000003,26.262857142853328,75.86571428572667,372.75,26.182142857137496,75.97705357143751,372.75,26.117647058817646,75.90848739496471,0,11,17,17,8,2007-05-07
174,319.17,26.738571428569998,76.8002857143,319.17,26.637662337663638,76.9207792207909,319.17,26.619047619049997,76.67178571430001,319.17,26.583516483515382,76.60120879122309,319.17,26.513265306121422,76.47255102042143,319.17,26.41809523809333,76.22504761905999,319.17,26.329464285712497,76.0737500000125,382.58,26.24957983192941,76.16630252101766,0,0,11,17,13,2007-05-14
175,325.97,26.982857142860002,76.97485714287,325.97,26.944155844154544,76.79662337663636,325.97,26.834523809525,76.90738095239166,325.97,26.8021978022,76.67857142858462,325.97,26.75612244897857,76.61255102042144,325.97,26.679047619046663,76.49171428572667,325.97,26.579464285712497,76.25848214286874,325.97,26.486554621847056,76.11411764707059,12,12,12,23,10,2007-05-21
176,332.17,27.187142857139996,76.97042857144001,332.17,27.144155844154547,76.70272727273635,332.17,27.09523809523333,76.56202380953333,332.17,26.982417582415387,76.68230769231538,332.17,26.941836734692856,76.48591836735716,332.17,26.889523809519996,76.43714285715335,332.17,26.808928571424996,76.33482142858126,332.17,26.70756302520588,76.1245378151353,19,19,19,19,21,2007-05-28
177,368.75,27.34714285714,77.02885714287,377.87,27.302597402590905,76.8842857143,377.87,27.25357142856667,76.64607142858333,377.87,27.199999999992308,76.52054945056153,377.87,27.087755102035715,76.63520408164285,377.87,27.042857142853332,76.45504761906001,377.87,26.987499999993748,76.41125000001252,377.87,26.90588235293529,76.31647058824707,7,19,19,19,18,2007-06-04
178,420.84,27.554285714280002,76.84671428573,454.56,27.515584415581817,76.84103896105454,463.68,27.46071428570833,76.72416666668333,463.68,27.40329670329231,76.51659340660768,463.68,27.342857142849997,76.4092857143,463.68,27.228571428566667,76.52371428572665,463.68,27.177678571424998,76.36178571430001,463.68,27.117647058817646,76.32605042018237,10,17,29,29,21,2007-06-11
179,392.58000000000004,27.84857142857,76.84157142859,483.26,27.644155844154547,76.78454545456363,516.98,27.601190476191665,76.78452380954165,526.1,27.543956043953845,76.6809890110077,526.1,27.48469387755,76.49132653062857,526.1,27.42285714285333,76.39285714287332,526.1,27.3107142857125,76.5011607143,526.1,27.25798319327647,76.35008403362943,10,10,17,29,34,2007-06-18
180,395.25000000000006,28.111428571429997,76.92742857145,408.34000000000003,27.954545454545453,76.59779220780909,499.02,27.758333333333336,76.56583333335,532.74,27.709890109892306,76.58263736265384,541.86,27.64897959183571,76.50091836736429,541.86,27.586666666666666,76.33590476191999,541.86,27.52232142856875,76.25330357144375,541.86,27.410924369747057,76.36344537816471,6,16,16,23,25,2007-06-25
181,441.33000000000004,28.265714285709997,77.07700000001998,441.33000000000004,28.216883116881817,76.87298701300908,454.42,28.064285714283333,76.57535714287499,545.1,27.87472527472308,76.5475824176,578.82,27.821428571428573,76.56448979593571,587.94,27.75714285714,76.48942857144668,587.94,27.6919642857125,76.3354464285875,587.94,27.625210084029412,76.25773109245294,12,12,22,22,34,2007-07-02
182,390.71999999999997,28.462857142860003,76.45785714286998,460.42,28.318181818181817,76.88103896105453,460.42,28.26904761905,76.710357142875,473.51,28.124175824176923,76.44813186814615,564.19,27.943877551021433,76.43142857144285,597.9100000000001,27.88952380952667,76.45495238096666,607.0300000000001,27.825,76.39142857144375,607.0300000000001,27.75966386554706,76.25226890757646,25,31,31,41,33,2007-07-09
183,298.81999999999994,28.728571428569996,75.77357142858,391.84999999999997,28.5,76.3472727272818,461.55,28.36428571428333,76.74440476191666,461.55,28.315384615384612,76.59736263737692,474.64,28.177551020407144,76.36193877552144,565.32,28.005714285713335,76.35209523810666,599.0400000000001,27.95089285714375,76.37910714286875,608.1600000000001,27.886554621847058,76.32378151261766,19,25,31,31,40,2007-07-16
184,329.68999999999994,28.852857142850002,75.36842857143999,339.5199999999999,28.714285714281814,75.71623376624545,432.54999999999995,28.505952380950003,76.24690476191665,502.25,28.380219780215384,76.62120879122307,502.25,28.33367346938571,76.49346938777141,515.34,28.20380952380667,76.28066666668,606.0200000000001,28.041071428568753,76.27651785715625,639.7400000000001,27.987394957982353,76.3063865546353,7,26,32,38,42,2007-07-23
185,407.99999999999994,28.809999999990005,75.77328571429999,414.79999999999995,28.82727272726364,75.862987013,424.62999999999994,28.702380952374998,76.14059523810833,517.66,28.51098901098462,76.59780219781537,587.36,28.39387755101429,76.92030612246427,587.36,28.34952380952,76.78114285715999,600.45,28.226785714281252,76.56366071430001,691.1300000000001,28.072268907558826,76.54310924371177,19,19,38,44,36,2007-07-30
186,402.81999999999994,28.79714285714,75.80157142859,409.0199999999999,28.793506493500004,75.63610389611817,415.81999999999994,28.81071428570834,75.72976190477499,425.6499999999999,28.6967032967,75.99626373627692,518.68,28.519387755100006,76.43112244899284,588.38,28.409523809520003,76.74323809525332,588.38,28.366964285712502,76.62383928573125,601.47,28.25042016806471,76.42840336135885,23,30,30,49,72,2007-08-06
187,394.87,28.812857142860004,75.97585714287001,440.56999999999994,28.780519480518183,75.98012987014546,446.7699999999999,28.778571428566675,75.81357142858333,453.56999999999994,28.795604395600005,75.88637362638461,463.3999999999999,28.690816326528573,76.12265306123571,556.43,28.525714285713338,76.52009523810665,626.13,28.422321428568754,76.80714285715624,626.13,28.38151260504118,76.69100840337647,23,35,42,42,75,2007-08-13
188,381.5,28.731428571429994,76.34357142858,467.31,28.77402597402727,76.21805194806365,513.01,28.747619047616666,76.2017857143,519.2099999999999,28.74835164834616,76.03098901099999,526.01,28.76632653060715,76.08306122449999,535.8399999999999,28.670476190473334,76.29047619048667,628.8699999999999,28.516964285712504,76.65258928572499,698.5699999999999,28.420168067223532,76.91495798320588,24,35,47,54,76,2007-08-20
189,353.55000000000007,28.722857142849996,76.57342857143,415.97,28.706493506490904,76.5361038961091,501.78,28.747619047616666,76.40500000000834,547.48,28.72527472526923,76.37560439561538,553.68,28.727551020400004,76.20459183674286,560.48,28.745714285706672,76.24161904762666,570.31,28.6571428571375,76.42616071429376,663.3399999999999,28.51344537814706,76.75899159664705,52,64,75,87,92,2007-08-27
190,400.3500000000001,28.65999999999,76.91385714286,416.11000000000007,28.692207792199994,76.66350649350909,478.53000000000003,28.679761904758326,76.62178571429168,564.3399999999999,28.719780219776922,76.49417582418462,610.04,28.70102040815714,76.46051020409286,616.24,28.704761904753337,76.29523809524667,623.04,28.723214285706252,76.32428571429374,632.8699999999999,28.64117647058235,76.49310924370589,58,70,82,93,71,2007-09-03
191,385.04,28.564285714279997,76.81557142857,431.12000000000006,28.628571428563635,76.7712987013,446.88000000000005,28.660714285708327,76.55369047619166,509.3,28.65164835164615,76.52362637363078,595.1099999999999,28.69081632652857,76.41214285715,640.81,28.675238095233333,76.3861904762,647.01,28.680357142850003,76.23589285715,653.81,28.699159663858826,76.26672268908234,44,84,96,108,112,2007-09-10
192,376.32,28.567142857129994,76.84299999999999,395.41,28.592207792199996,76.66831168830909,441.49000000000007,28.648809523799997,76.64,457.25000000000006,28.67692307691538,76.44923076923077,519.67,28.667346938771423,76.42877551020715,605.4799999999999,28.70285714285333,76.33104761905334,651.18,28.687499999993747,76.31178571429375,657.38,28.69159663864706,76.17470588235882,47,65,105,117,106,2007-09-17
193,445.58,28.509999999989997,76.91585714286,446.71,28.54285714284545,76.76363636363637,465.8,28.56785714285,76.61011904761666,511.88000000000005,28.62197802196923,76.58846153846153,527.6400000000001,28.64999999999285,76.41499999999999,590.06,28.642857142853327,76.39819047619334,675.8699999999999,28.677678571424998,76.3084821428625,721.5699999999999,28.664705882347057,76.29168067227647,45,71,89,129,101,2007-09-24
194,499.25,28.46999999999,77.04214285714,539.95,28.479220779209086,76.86948051948183,541.0799999999999,28.51190476189166,76.73380952380833,560.1700000000001,28.537362637353844,76.5943956043923,606.25,28.58979591835714,76.57540816326427,622.0100000000001,28.61809523808666,76.41438095238,684.43,28.613392857137494,76.3986607142875,770.2399999999999,28.64789915965882,76.31420168067648,118,139,165,183,170,2007-10-01
195,488.64000000000004,28.411428571420004,76.68028571428002,573.75,28.425974025963637,77.05558441558182,614.45,28.43809523808333,76.89619047619168,615.5799999999999,28.47142857141538,76.76890109889999,634.6700000000001,28.497959183664282,76.63693877550715,680.75,28.54952380951333,76.61638095238,696.5100000000001,28.578571428562494,76.46285714285625,758.93,28.576470588229405,76.4452100840353,191,215,236,262,135,2007-10-08
196,595.88,28.361428571420003,77.17171428571001,596.9000000000001,28.385714285709096,76.90740259740001,682.01,28.401190476183334,77.2325,722.71,28.41428571427692,77.07175824176154,723.8399999999999,28.446938775499998,76.94102040816428,742.9300000000001,28.473333333326664,76.80638095238001,789.01,28.52321428570625,76.77651785714374,804.7700000000001,28.55210084032941,76.62260504201765,197,291,315,336,106,2007-10-15
197,575.6899999999999,28.40999999999,76.78185714284999,613.4399999999999,28.428571428563643,76.87129870129091,614.46,28.44523809523334,76.65404761904168,699.5699999999999,28.454945054938467,76.97362637362308,740.27,28.463265306114288,76.84285714285714,741.3999999999999,28.490476190466666,76.73609523809333,760.49,28.51249999999375,76.622678571425,806.5699999999999,28.557142857135293,76.60537815125882,148,245,339,363,68,2007-10-22
198,519.73,28.36714285713,76.28399999999002,592.17,28.36883116881818,76.49818181817272,629.92,28.389285714275005,76.60380952380001,630.94,28.40769230768462,76.42384615383847,716.05,28.41938775509286,76.73704081632143,756.75,28.429523809513334,76.63076190475999,757.8799999999999,28.45714285713125,76.54392857142498,776.97,28.479831932764707,76.44848739495293,78,178,275,369,48,2007-10-29
199,622.8100000000001,28.14142857142,76.59728571428,657.28,28.17012987011818,76.76675324674547,729.72,28.18809523808333,76.92285714284999,767.47,28.220879120869235,76.98769230768463,768.49,28.249999999992863,76.79316326530001,853.5999999999999,28.271428571420003,77.06085714285334,894.3,28.29017857141875,76.94098214285624,895.4299999999998,28.324369747888234,76.84100840335881,55,103,203,300,48,2007-11-05
200,575.5,28.04714285714,76.37585714285,638.0600000000001,28.077922077918178,76.48389610389091,672.53,28.109523809516663,76.64869047618335,744.97,28.130769230761533,76.80186813186154,782.72,28.16530612244286,76.87071428570714,783.74,28.19619047618667,76.69695238094667,868.8499999999999,28.2196428571375,76.953928571425,909.55,28.24033613444706,76.84739495798235,42,72,120,220,26,2007-11-12
201,586.73,27.89714285714,76.58942857142,617.5,27.935064935063636,76.47636363635455,680.0600000000001,27.972619047616664,76.56702380951667,714.53,28.009890109884616,76.71274725273847,786.97,28.036734693871427,76.85040816325714,824.72,28.075238095233335,76.91142857142,825.74,28.109821428568754,76.74598214285001,910.8499999999999,28.136974789911765,76.98495798318824,22,47,77,125,33,2007-11-19
202,649.73,27.699999999999996,76.92242857142,660.1,27.806493506490906,76.76545454544545,690.87,27.84880952380833,76.64714285713333,753.4300000000001,27.890109890107688,76.71769230768463,787.9,27.930612244892853,76.84224489795,860.34,27.96095238094666,76.96209523808666,898.09,28.00178571428125,77.0123214285625,899.11,28.038655462182355,76.8506722689,29,46,71,101,29,2007-11-26
203,595.2900000000001,27.414285714290003,76.39814285713001,665.6800000000001,27.494805194809086,76.3592207792091,676.0500000000001,27.609523809524998,76.26226190475,706.82,27.66373626373846,76.19175824174616,769.3800000000001,27.715306122449995,76.28979591835716,803.85,27.764761904759997,76.43457142856,876.2900000000001,27.803571428568745,76.572410714275,914.0400000000001,27.8512605042,76.64260504200588,33,38,55,80,17,2007-12-03
204,518.77,27.181428571440005,76.29442857142001,613.1400000000001,27.271428571436367,76.30454545453637,683.5300000000001,27.357142857149995,76.27666666665834,693.9000000000001,27.47362637363077,76.1935164835077,724.6700000000001,27.533673469392856,76.13295918366428,787.2300000000001,27.590476190479997,76.22838095237334,821.7,27.644642857143747,76.3679464285625,894.1400000000001,27.688235294117643,76.50159663864706,14,38,43,60,12,2007-12-10
205,475.57000000000005,26.96000000001,76.37699999999,550.0699999999999,27.05324675325455,76.45090909090001,644.44,27.146428571433336,76.44714285713334,714.83,27.235164835169225,76.41043956043077,725.2,27.35204081632857,76.32367346937858,755.97,27.416190476193332,76.25847619046665,818.5300000000001,27.476785714287498,76.34008928570626,853.0,27.53445378151176,76.46487394957059,16,25,49,54,13,2007-12-17
206,429.4200000000001,26.65428571429,76.47699999999,537.6800000000001,26.788311688318185,76.7225974025909,612.18,26.888095238100007,76.76154761904168,706.5500000000001,26.98681318681539,76.73417582416924,776.94,27.0806122449,76.67959183672859,787.3100000000001,27.2,76.58066666666,818.08,27.26964285714375,76.50348214284999,880.6400000000001,27.33529411764706,76.5658823529353,18,23,32,56,17,2007-12-24
207,411.86,26.25285714286,76.63514285714,429.4200000000001,26.51168831169091,76.38350649350001,537.6800000000001,26.646428571433336,76.616428571425,612.18,26.749450549453854,76.66054945054616,706.5500000000001,26.851020408164292,76.64234693877144,776.94,26.947619047619998,76.59752380952001,787.3100000000001,27.06785714285625,76.50991071428125,818.08,27.14117647058824,76.44142857142351,13,24,29,38,15,2008-01-01
208,395.38000000000005,25.99714285715,76.88385714286,411.86,26.17532467532727,76.5909090909091,429.4200000000001,26.41904761905,76.363928571425,537.6800000000001,26.55054945055385,76.58043956043846,612.18,26.653061224492863,76.6239795918357,706.5500000000001,26.75428571428667,76.60942857142668,776.94,26.850892857143748,76.56946428571251,787.3100000000001,26.969747899158822,76.48865546218235,11,18,29,34,14,2008-01-08
209,295.07,25.87428571429,76.33757142856999,432.62000000000006,25.9038961039,76.81545454545454,449.1,26.075,76.55261904761666,466.6600000000001,26.307692307692307,76.34604395603846,574.9200000000001,26.43775510204286,76.54836734693572,649.42,26.54095238095334,76.59114285714,743.7900000000001,26.642857142856254,76.57955357142501,814.1800000000001,26.74033613445294,76.54369747898825,15,21,28,39,15,2008-01-15
210,279.82,25.57285714286,76.36685714285998,295.07,25.742857142863635,76.27441558441818,432.62000000000006,25.78095238095833,76.71773809524166,449.1,25.948351648353842,76.48263736263846,466.6600000000001,26.17346938775714,76.29581632652857,574.9200000000001,26.303809523813335,76.48800000000001,649.42,26.408928571431254,76.531875,743.7900000000001,26.51260504201765,76.52445378151178,15,20,26,33,10,2008-01-22
211,319.0400000000001,25.344285714290002,76.33542857142999,361.03999999999996,25.47792207792727,76.43961038960907,376.28999999999996,25.641666666674997,76.34880952380833,513.84,25.684615384623076,76.75230769230768,530.32,25.846938775514282,76.53153061224285,547.8800000000001,26.063809523813333,76.3539047619,656.1400000000001,26.1928571428625,76.53044642856877,730.64,26.2983193277353,76.56924369747648,23,33,38,44,9,2008-01-29
212,245.67,25.11142857143,75.83942857142999,319.0400000000001,25.27402597402727,76.08363636363634,361.03999999999996,25.402380952383336,76.20011904761665,376.28999999999996,25.559340659346155,76.13472527472307,513.84,25.60510204082143,76.52469387754999,530.32,25.761904761906667,76.33380952380666,547.8800000000001,25.9705357142875,76.17964285713751,656.1400000000001,26.097478991600003,76.35605042016472,27,32,42,47,2,2008-02-05
213,229.72,24.988571428569998,75.83100000001,245.67,25.02987012987273,75.36701298701817,319.0400000000001,25.185714285716667,75.63023809524165,361.03999999999996,25.31098901099231,75.77263736263845,376.28999999999996,25.46326530612857,75.74244897959285,513.84,25.512380952386664,76.13257142857333,530.32,25.665178571431248,75.978125,547.8800000000001,25.867226890758822,75.85394957982942,13,31,36,46,6,2008-02-12
214,211.87,24.88428571428,75.71700000000999,229.72,24.97142857142727,75.68532467533636,245.67,25.01071428571667,75.27214285715,319.0400000000001,25.156043956046155,75.52241758242306,361.03999999999996,25.27448979592143,75.66234693877855,376.28999999999996,25.419047619053334,75.64152380952666,513.84,25.4678571428625,76.01357142857499,530.32,25.614285714288233,75.8752100840353,8,17,35,40,8,2008-02-19
215,180.57,24.79714285714,75.39400000001,211.87,24.885714285709092,75.63233766234545,229.72,24.965476190474998,75.61035714286666,245.67,25.0021978022,75.23472527473076,319.0400000000001,25.137755102042856,75.46979591837142,361.03999999999996,25.249523809526668,75.60390476190665,376.28999999999996,25.3866071428625,75.58803571428749,513.84,25.434453781517647,75.94134453781763,4,8,17,35,5,2008-02-26
216,118.46000000000001,24.76428571429,74.64214285714999,180.57,24.79220779220909,75.14545454546364,211.87,24.873809523808333,75.38464285714998,229.72,24.948351648353842,75.38340659341537,245.67,24.98367346939286,75.05081632653571,319.0400000000001,25.111428571433333,75.28247619047998,361.03999999999996,25.2178571428625,75.41991071428748,376.28999999999996,25.34873949580588,75.4157983193294,4,8,12,21,1,2008-03-04
217,118.46000000000001,24.76714285715,74.56542857143,118.46000000000001,24.79610389610909,74.64571428571819,180.57,24.81904761905,75.10678571429166,211.87,24.892307692307693,75.33054945055383,229.72,24.960204081635712,75.33326530612855,245.67,24.992380952386668,75.02619047619332,319.0400000000001,25.1116071428625,75.24491071428749,361.03999999999996,25.211764705888235,75.37647058823528,8,8,12,16,2,2008-03-11
218,118.46000000000001,24.760000000010002,74.14399999999999,118.46000000000001,24.818181818190908,74.32623376623637,118.46000000000001,24.840476190483333,74.41976190476667,180.57,24.858241758246155,74.86274725275385,211.87,24.923469387757144,75.08795918367856,229.72,24.984761904766668,75.10666666667332,245.67,25.013392857150002,74.83294642857499,319.0400000000001,25.124369747905885,75.0501680672294,4,8,8,12,3,2008-03-18
219,81.22,24.782857142869993,73.82242857143001,118.46000000000001,24.800000000009092,74.03233766233636,118.46000000000001,24.850000000008333,74.20869047619168,118.46000000000001,24.868131868138462,74.30406593406923,180.57,24.882653061228574,74.72367346939286,211.87,24.941904761906667,74.94314285714667,229.72,24.99821428571875,74.96973214286248,245.67,25.024369747905883,74.7201680672294,4,8,12,12,4,2008-03-25
220,108.41,24.844285714299996,73.68285714285,108.41,24.806493506509085,73.86103896103637,145.65,24.82023809525,74.05023809523333,145.65,24.864835164846152,74.21164835164616,145.65,24.880612244907145,74.3,207.76,24.893333333340003,74.69190476190667,239.06,24.948214285718752,74.89964285714375,256.91,25.000840336141177,74.9272268907588,4,4,8,12,3,2008-04-01
221,31.01,25.015714285729995,73.42614285714001,112.22999999999999,24.97142857144545,73.76623376622727,112.22999999999999,24.92619047620833,73.92261904761668,149.47,24.929670329684615,74.09252747252307,149.47,24.963265306135714,74.2393877551,149.47,24.97142857144,74.32,211.57999999999998,24.9776785714375,74.6861607142875,242.88,25.024369747905883,74.88201680672353,4,8,8,12,1,2008-04-08
222,47.97,25.05857142859,73.57228571428001,47.97,25.014285714299998,73.57168831168183,129.19,24.973809523824997,73.87130952380001,129.19,24.93186813188461,74.00758241757693,166.43,24.934693877564285,74.15928571427857,166.43,24.965714285726666,74.2919047619,166.43,24.973214285725,74.36419642856875,228.54,24.97899159664706,74.70621848739411,8,8,12,12,3,2008-04-15
223,47.97,25.168571428590003,73.73657142856,47.97,25.081818181836365,73.4553246753182,47.97,25.039285714299996,73.46452380951668,129.19,25.000000000015383,73.74934065933077,129.19,24.95918367348571,73.88459183672857,166.43,24.960000000013334,74.03438095237333,166.43,24.9875000000125,74.16651785713749,166.43,24.993277310935294,74.24193277310587,8,12,12,16,5,2008-04-22
